IPP-Werkspoor;;Is onderdeel van IPP-Werkspoor;;;IPP-Werksporen;;;Activiteiten;;;Wordt in huidige situatie uitgevoerd met Tools;;Heeft output Product;;Heeft input Product;;Heeft verantwoordelijke Persoon;
;Naam;;Code;Naam;;Code;Naam;;Nummer tbv volgorde;Naam;;Naam;;Naam;;Naam;;Name
IPP-40;(Nul)-inspectie;IPP-20;3.5;Technische Onderzoeken;;;;;;;;;;;;;PRS-4;Wouter Schreuder
IPP-15;Aanbestedingsbegeleiding;IPP-2;2;Contract Management;;;;ACT-1;;Opstellen nota van Inlichtingen;TLS-95;MS Word 365;PRD-21;Nota van Inlichtingen;PRD-20;Inschrijvingsleidraad;PRS-1;Ronald Braam
;;;;;;;;ACT-3;;Nemen gunningsbeslissing;TLS-95;MS Word 365;PRD-22;Gunningsbeslissing;PRD-20;Inschrijvingsleidraad;PRS-7;Grietsje van der Heide-wijma
;;;;;;;;;;;;;;;PRD-21;Nota van Inlichtingen;;
;;;;;;;;ACT-11;;Opstellen selectieleidraad;TLS-95;MS Word 365;PRD-19;Selectieleidraad;PRD-2;Inkoopplan;;
;;;;;;;;ACT-12;;Opstellen inschrijvingsleidraad;TLS-95;MS Word 365;PRD-20;Inschrijvingsleidraad;PRD-19;Selectieleidraad;;
;;;;;;;;ACT-47;;Managen zienswijzen;;;PRD-23;Zienswijzen;;;;
IPP-1;Besluit spoor Projectmanagement;IPP-6;0;Integraal Project- en Programmamanagement;IPP-7;1.1;Financieel Management (PM);ACT-158;;Voorleggen besluit (wijzigingen) ten aanzien van scope en inrichting project aan OG;;;;;;;PRS-2;Wim Kloezen
;;;;;IPP-8;1.2;Communicatie- en verwachtingsmanagement;;;;;;;;;;;
;;;;;IPP-9;1.3;Integrale Veiligheidsmanagement;;;;;;;;;;;
;;;;;IPP-10;1.4;Organisatiemanagement;;;;;;;;;;;
;;;;;IPP-48;1.5;Relatiebeheer;;;;;;;;;;;
IPP-8;Communicatie- en verwachtingsmanagement;IPP-1;1;Besluit spoor Projectmanagement;;;;ACT-9;1;Bewaken en bijsturen stakeholderrelatie;TLS-95;MS Word 365;PRD-68;Bewaking en bijsturen stakeholder relatie;;;PRS-2;Wim Kloezen
;;;;;;;;;;;TLS-96;MS Excel 365;;;;;;
;;;;;;;;;;;TLS-98;MS Teams;;;;;;
;;;;;;;;ACT-10;2;Communicatie en verwachtingen afstemmen met OG;TLS-95;MS Word 365;PRD-65;Afstemmen OG;;;;
;;;;;;;;;;;TLS-96;MS Excel 365;;;;;;
;;;;;;;;;;;TLS-98;MS Teams;;;;;;
;;;;;;;;ACT-19;3;Communicatie en verwachtingen afstemmen met stuurgroep;TLS-95;MS Word 365;PRD-67;Stuurgroep;;;;
;;;;;;;;;;;TLS-96;MS Excel 365;;;;;;
;;;;;;;;;;;TLS-98;MS Teams;;;;;;
;;;;;;;;ACT-20;4;Communicatie en verwachtingen afstemmen intern en extern;TLS-95;MS Word 365;PRD-66;Afstemmen intern en extern;;;;
;;;;;;;;;;;TLS-96;MS Excel 365;;;;;;
;;;;;;;;;;;TLS-98;MS Teams;;;;;;
;;;;;;;;ACT-21;5;Managen interne communicatie en verwachtingen omtrent financieel management;TLS-95;MS Word 365;PRD-64;Interne financieel management;;;;
;;;;;;;;;;;TLS-96;MS Excel 365;;;;;;
;;;;;;;;;;;TLS-98;MS Teams;;;;;;
IPP-21;Conditioneringen;IPP-4;4;Klant en Omgevingsmanagement;;;;ACT-6;;Uitvoeren archeologisch onderzoek;TLS-19;GIS Connect - Antea World;PRD-25;Rapportage archeologisch bureau-onderzoek;PRD-24;Rapportage verkennend milieuhygiënisch (water)bodemonderzoek;PRS-5;Paul Hoogerwerf
;;;;;;;;;;;TLS-105;Bodem-, geologische- en geomorfologische kaart van Nederland;PRD-89;Rapportage archeologisch inventariserend veldonderzoek;PRD-42;Probabilistische planning;PRS-6;Lotte Diephuis
;;;;;;;;;;;TLS-106;Archis;;;PRD-87;Definitief ontwerp;PRS-12;Eline Bremer
;;;;;;;;;;;TLS-107;TopoTijdreis;;;PRD-90;Rapportage oriënterend onderzoek OOO;;
;;;;;;;;;;;TLS-108;Kadastrale Minuutplannen;;;PRD-91;Rapportage nader onderzoek OOO;;
;;;;;;;;;;;TLS-109;Algemeen Hoogtebestand Nederland;;;;;;
;;;;;;;;;;;TLS-110;Indicatieve kaart Militair Erfgoed (IKME);;;;;;
;;;;;;;;;;;TLS-111;Verstoringsbronnenkaart;;;;;;
;;;;;;;;;;;TLS-112;PDOK;;;;;;
;;;;;;;;;;;TLS-113;Dinoloket;;;;;;
;;;;;;;;;;;TLS-114;HISGIS;;;;;;
;;;;;;;;;;;TLS-115;Omgevingsloket - DSO;;;;;;
;;;;;;;;ACT-7;;Uitvoeren ecologisch onderzoek;;;PRD-92;Rapportage ecologisch bureau-onderzoek;PRD-42;Probabilistische planning;;
;;;;;;;;;;;;;PRD-93;Rapportage ecologisch veldonderzoek;PRD-86;Voorlopig ontwerp;;
;;;;;;;;;;;;;;;PRD-120;Uitvoeringsmethodiek;;
;;;;;;;;ACT-8;;Uitvoeren milieuhygiënisch materiaalonderzoek;TLS-19;GIS Connect - Antea World;PRD-121;Rapportage milieuhygiënisch materiaalonderzoek;PRD-88;Uitvoeringsontwerp;;
;;;;;;;;;;;TLS-34;Autodesk applicaties - CAD Basis, Infra en Inventor;;;PRD-120;Uitvoeringsmethodiek;;
;;;;;;;;;;;TLS-102;Terraindex;;;;;;
;;;;;;;;;;;TLS-103;BDOK;;;;;;
;;;;;;;;ACT-61;;Uitvoeren OOO onderzoek;TLS-19;GIS Connect - Antea World;PRD-90;Rapportage oriënterend onderzoek OOO;PRD-87;Definitief ontwerp;;
;;;;;;;;;;;TLS-104;OODOK;PRD-91;Rapportage nader onderzoek OOO;;;;
;;;;;;;;ACT-62;;Uitvoeren milieuhygiënisch (water)bodemonderzoek;TLS-19;GIS Connect - Antea World;PRD-24;Rapportage verkennend milieuhygiënisch (water)bodemonderzoek;PRD-88;Uitvoeringsontwerp;;
;;;;;;;;;;;TLS-34;Autodesk applicaties - CAD Basis, Infra en Inventor;PRD-95;Rapportage aanvullend milieuhygiënisch (water)bodemonderzoek;PRD-120;Uitvoeringsmethodiek;;
;;;;;;;;;;;TLS-102;Terraindex;;;;;;
;;;;;;;;;;;TLS-103;BDOK;;;;;;
;;;;;;;;ACT-64;;Uitvoeren onderzoek water;;;PRD-94;Waterparagraaf;;;;
IPP-2;Contract Management;IPP-6;0;Integraal Project- en Programmamanagement;IPP-11;2.1;Contract voorbereiden;;;;;;;;;;PRS-1;Ronald Braam
;;;;;IPP-12;2.2;Opstellen contractendocs;;;;;;;;;;PRS-7;Grietsje van der Heide-wijma
;;;;;IPP-13;2.3;Scopemanagement (CM);;;;;;;;;;;
;;;;;IPP-14;2.4;Contractbeheersing (SCB);;;;;;;;;;;
;;;;;IPP-15;2.5;Aanbestedingsbegeleiding;;;;;;;;;;;
IPP-11;Contract voorbereiden;IPP-2;2;Contract Management;;;;ACT-2;2;Opstellen inkoopplan;TLS-95;MS Word 365;PRD-2;Inkoopplan;;;PRS-1;Ronald Braam
;;;;;;;;ACT-5;1;Bepalen inkoopstrategie;TLS-95;MS Word 365;;;PRD-109;Rapport contractkeuze;PRS-7;Grietsje van der Heide-wijma
;;;;;;;;ACT-108;0;Houden contractkeuzesessie;TLS-95;MS Word 365;PRD-109;Rapport contractkeuze;;;;
;;;;;;;;;;;TLS-97;MS Powerpoint 365;;;;;;
IPP-14;Contractbeheersing (SCB);IPP-2;2;Contract Management;;;;ACT-4;4;Uitvoeren audit;TLS-95;MS Word 365;PRD-17;Auditverslag;PRD-15;Toetsplanning;PRS-1;Ronald Braam
;;;;;;;;ACT-43;5;Uitvoeren toetsen;TLS-95;MS Word 365;PRD-16;Toetsverslag;PRD-15;Toetsplanning;PRS-7;Grietsje van der Heide-wijma
;;;;;;;;ACT-44;6;Verrichten waarnemingen;TLS-95;MS Word 365;PRD-18;Waarnemingsformulier;PRD-15;Toetsplanning;;
;;;;;;;;ACT-45;3;Opstellen toetsplanning;TLS-96;MS Excel 365;PRD-15;Toetsplanning;PRD-3;Vraagspecificatie;;
;;;;;;;;;;;;;;;PRD-4;Annexen;;
;;;;;;;;;;;;;;;PRD-5;Basisovereenkomst;;
;;;;;;;;;;;;;;;PRD-22;Gunningsbeslissing;;
;;;;;;;;ACT-46;2;Opstellen toetsplan;TLS-95;MS Word 365;PRD-14;Toetsplan;PRD-3;Vraagspecificatie;;
;;;;;;;;;;;;;;;PRD-4;Annexen;;
;;;;;;;;;;;;;;;PRD-5;Basisovereenkomst;;
;;;;;;;;;;;;;;;PRD-22;Gunningsbeslissing;;
;;;;;;;;ACT-100;1;Opstellen contratbeheersplan;TLS-95;MS Word 365;PRD-13;Contactbeheersplan;PRD-3;Vraagspecificatie;;
;;;;;;;;;;;;;;;PRD-4;Annexen;;
;;;;;;;;;;;;;;;PRD-5;Basisovereenkomst;;
;;;;;;;;;;;;;;;PRD-22;Gunningsbeslissing;;
IPP-44;Definitief ontwerp/Technisch Ontwerp;IPP-16;3.1;Ontwerpen;;;;ACT-142;;Definitief ontwerp maken;;;PRD-163;Kostenraming (≤10%);PRD-306;Nader bodemonderzoek;PRS-4;Wouter Schreuder
;;;;;;;;;;;;;PRD-166;Ontwerpverantwoording DO;PRD-307;K&L verleggingen;;
;;;;;;;;;;;;;PRD-197;Verificatierapport DO;PRD-308;Opsporen OOO;;
;;;;;;;;;;;;;PRD-201;Uitgangspuntennotitie DO;PRD-309;Omgevingsvergunning;;
;;;;;;;;;;;;;PRD-205;DO-berekening;PRD-310;Geotechnisch onderzoek - Nader onderzoek;;
;;;;;;;;;;;;;PRD-207;Constructieve berekeningen van alle objecten (behalve inkoopdelen) incl. beschouwing fundatie, hoofdwapening en vermoeiingsgevoelige lassen;;;;
;;;;;;;;;;;;;PRD-208;Berekening aandrijvingen (indien van toepassing). Hierin ook inkoopdelen beschouwen (tandwielkasten);;;;
;;;;;;;;;;;;;PRD-209;Funderingsberekening;;;;
;;;;;;;;;;;;;PRD-210;Zettingsberekening;;;;
;;;;;;;;;;;;;PRD-211;3D model - uitwerking;;;;
;;;;;;;;;;;;;PRD-212;Clash detectie rapport (indien van toepassing);;;;
;;;;;;;;;;;;;PRD-213;Kaderbladen DO;;;;
;;;;;;;;;;;;;PRD-214;Ontwerpdocumenten - specifiek;;;;
;;;;;;;;;;;;;PRD-215;Functioneel ontwerp E-installaties incl. systeemschema;;;;
;;;;;;;;;;;;;PRD-216;RAMS analyse & FMECA;;;;
;;;;;;;;;;;;;PRD-217;RI&E - Machineveiligheid;;;;
;;;;;;;;;;;;;PRD-218;Baanberekening;;;;
;;;;;;;;;;;;;PRD-219;Zettingsberekening;;;;
;;;;;;;;;;;;;PRD-220;V&G-plan ontwerpfase (DO);;;;
;;;;;;;;;;;;;PRD-221;V&G-dossier (DO);;;;
;;;;;;;;;;;;;PRD-222;Cameraplan;;;;
;;;;;;;;;;;;;PRD-223;Voeding- en telecomplan;;;;
;;;;;;;;;;;;;PRD-224;Bewegwijzerings- en geleidelijnenplan;;;;
;;;;;;;;;;;;;PRD-225;Reisinformatie- en bebordingsplan;;;;
;;;;;;;;;;;;;PRD-226;Verlichtingsplan;;;;
;;;;;;;;;;;;;PRD-227;Waterbergingsberekening nieuwe situatie;;;;
;;;;;;;;;;;;;PRD-228;Zettingsberekening;;;;
;;;;;;;;;;;;;PRD-230;Plan watersysteem & watersysteemkaart nieuwe situatie;;;;
;;;;;;;;;;;;;PRD-231;Uitwerking stuwen en duikers;;;;
;;;;;;;;;;;;;PRD-232;Verhardingsberekeningen;;;;
;;;;;;;;;;;;;PRD-233;Verlichtingsberekening;;;;
;;;;;;;;;;;;;PRD-234;Rioleringsberekening;;;;
;;;;;;;;;;;;;PRD-235;Stabiliteits- en zettingsberekeningen van taluds en terpen;;;;
;;;;;;;;;;;;;PRD-236;Dwarsprofielen (DO);;;;
;;;;;;;;;;;;;PRD-237;Lengteprofielen (DO);;;;
;;;;;;;;;;;;;PRD-238;Situatietekeningen (DO);;;;
;;;;;;;;;;;;;PRD-239;Principedetails (DO);;;;
;;;;;;;;;;;;;PRD-240;Beplantingsplan (DO);;;;
;;;;;;;;;;;;;PRD-241;Verlichtingsplan;;;;
;;;;;;;;;;;;;PRD-242;Verkeerregelinstallatie (VRI);;;;
;;;;;;;;;;;;;PRD-243;Rioleringsplan;;;;
;;;;;;;;;;;;;PRD-244;Hoeveelheden DO;;;;
;;;;;;;;;;;;;PRD-245;Vaststellen geometrie;;;;
;;;;;;;;ACT-148;;Workbreakdownstructure maken;;;PRD-171;WBS;;;;
IPP-55;Duurzaamheid;;;;;;;;;;;;;;;;;
IPP-7;Financieel Management (PM);IPP-1;1;Besluit spoor Projectmanagement;;;;ACT-16;1;Beheersen budget;TLS-30;Primavera P6 EPPM;PRD-61;Budget beheersing;PRD-50;Baselines financieel;PRS-2;Wim Kloezen
;;;;;;;;;;;TLS-96;MS Excel 365;;;PRD-51;Financiële rapportage;;
;;;;;;;;ACT-17;2;Verantwoorden budget;TLS-30;Primavera P6 EPPM;PRD-62;Budget verantwoording;PRD-50;Baselines financieel;;
;;;;;;;;;;;TLS-96;MS Excel 365;;;PRD-51;Financiële rapportage;;
;;;;;;;;ACT-18;3;Managen VTW's;TLS-95;MS Word 365;PRD-63;VTW-management;;;;
;;;;;;;;;;;TLS-96;MS Excel 365;;;;;;
IPP-34;Financiën (eigen opdracht);IPP-46;;PB-Sturing (eigen opdracht);;;;ACT-92;;Beheren baselines financieel management;TLS-96;MS Excel 365;PRD-50;Baselines financieel;PRD-54;Work Breakdown Structure;PRS-3;Marleen Aarts
;;;;;;;;;;;;;;;PRD-55;Product Breakdown Structure;PRS-11;Tom van der Meijs
;;;;;;;;ACT-93;;Opstellen financiële rapportage;TLS-95;MS Word 365;PRD-51;Financiële rapportage;;;;
;;;;;;;;;;;TLS-96;MS Excel 365;;;;;;
;;;;;;;;ACT-176;;Opstellen termijnen;TLS-96;MS Excel 365;PRD-329;Termijnstaat;PRD-54;Work Breakdown Structure;;
;;;;;;;;;;;;;PRD-330;Termijn en verzoek tot PV;PRD-55;Product Breakdown Structure;;
;;;;;;;;;;;;;;;PRD-328;Documentenlijst;;
IPP-51;Financiën (klantvraag);IPP-47;;PB-Afbakening (klantopgave);;;;ACT-169;;Opstellen kostenraming / SSK;TLS-96;MS Excel 365;PRD-118;Kostenraming (SSK);;;PRS-11;Tom van der Meijs
;;;;;;;;ACT-174;;Opstellen kostennota;TLS-95;MS Word 365;PRD-117;Kostennota;;;;
IPP-39;Geodesie;IPP-20;3.5;Technische Onderzoeken;;;;;;;;;;;;;PRS-4;Wouter Schreuder
IPP-37;Geohydrologie;IPP-20;3.5;Technische Onderzoeken;;;;;;;;;;;;;PRS-4;Wouter Schreuder
IPP-38;Geotechniek;IPP-20;3.5;Technische Onderzoeken;;;;;;;;;;;;;PRS-4;Wouter Schreuder
IPP-23;Grondverwerving;IPP-4;4;Klant en Omgevingsmanagement;;;;ACT-66;;3. (Ondersteunen) aanvragen vergunningen, ontheffingen en toestemmingen;;;;;;;PRS-5;Paul Hoogerwerf
;;;;;;;;ACT-67;;1. Opstellen (grond)verwervingsplan;;;PRD-29;(Grond)verwervingsplan;;;PRS-6;Lotte Diephuis
;;;;;;;;ACT-68;;2. Bepalen omvang planschade(s) en bijbehorende compensatie;;;PRD-30;Planschaderapport;;;PRS-12;Eline Bremer
;;;;;;;;ACT-69;;4. Verwerven gronden;;;PRD-98;Akte grondaankoop;;;;
;;;;;;;;;;;;;PRD-99;Dossier grondverwerving;;;;
IPP-49;Informatie (eigen opdracht);IPP-46;;PB-Sturing (eigen opdracht);;;;ACT-163;;Inrichten informatielandschap;TLS-32;Relatics;;;;;PRS-11;Tom van der Meijs
;;;;;;;;;;;TLS-99;MS Sharepoint;;;;;;
;;;;;;;;ACT-165;;Opstellen en beheren documenten/productenlijst;TLS-32;Relatics;PRD-328;Documentenlijst;;;;
;;;;;;;;;;;TLS-96;MS Excel 365;;;;;;
IPP-54;Informatie (klantvraag);IPP-47;;PB-Afbakening (klantopgave);;;;ACT-153;;Beschikbaar stellen producten / overdrachtsdossier;TLS-32;Relatics;PRD-327;Opleverdossier;;;PRS-11;Tom van der Meijs
;;;;;;;;;;;TLS-99;MS Sharepoint;;;;;;
IPP-6;Integraal Project- en Programmamanagement;;;;IPP-5;5;Plan Management;ACT-123;;;;;;;;;PRS-1;Ronald Braam
;;;;;IPP-4;4;Klant en Omgevingsmanagement;;;;;;;;;;PRS-2;Wim Kloezen
;;;;;IPP-3;3;Technisch Management;;;;;;;;;;;
;;;;;IPP-2;2;Contract Management;;;;;;;;;;;
;;;;;IPP-30;6;Projectbeheersing;;;;;;;;;;;
;;;;;IPP-1;1;Besluit spoor Projectmanagement;;;;;;;;;;;
IPP-9;Integrale Veiligheidsmanagement;IPP-1;1;Besluit spoor Projectmanagement;;;;ACT-159;1;Opstellen integraal veiligheidsplan;;;;;;;PRS-2;Wim Kloezen
;;;;;;;;ACT-160;3;Bijhouden veiligheidsdossier;;;;;;;;
;;;;;;;;ACT-161;2;Opstellen RI&E per veiligheidsdomein;;;;;;;;
IPP-28;Juridische toetsing;IPP-5;5;Plan Management;;;;;;;;;;;;;PRS-10;N.t.b.
IPP-4;Klant en Omgevingsmanagement;IPP-6;0;Integraal Project- en Programmamanagement;IPP-21;4.1;Conditioneringen;;;;;;;;;;PRS-5;Paul Hoogerwerf
;;;;;IPP-22;4.2;Vergunningmanagement;;;;;;;;;;PRS-6;Lotte Diephuis
;;;;;IPP-23;4.3;Grondverwerving;;;;;;;;;;PRS-12;Eline Bremer
;;;;;IPP-24;4.4;Verkeersmanagement;;;;;;;;;;;
;;;;;IPP-25;4.5;Participatie- en stakeholdermanagement;;;;;;;;;;;
IPP-35;Kwaliteit / KMS (eigen opdracht);IPP-46;;PB-Sturing (eigen opdracht);;;;ACT-94;;Managen kwaliteitssysteem;;;PRD-45;Kwaliteitssysteem;;;PRS-3;Marleen Aarts
;;;;;;;;ACT-95;;Opstellen verbetervoorstellen;TLS-32;Relatics;PRD-49;Verbeterregister;;;PRS-11;Tom van der Meijs
;;;;;;;;;;;TLS-96;MS Excel 365;;;;;;
;;;;;;;;ACT-96;;Uitvoeren audits;TLS-32;Relatics;PRD-48;Auditverslag;;;;
;;;;;;;;;;;TLS-95;MS Word 365;;;;;;
;;;;;;;;ACT-97;;Opstellen procesbeschrijvingen;TLS-32;Relatics;PRD-47;Procesbeschrijvingen;;;;
;;;;;;;;;;;TLS-95;MS Word 365;;;;;;
;;;;;;;;ACT-98;;Verifiëren proceseisen;TLS-32;Relatics;PRD-46;Verificatieplan;;;;
;;;;;;;;;;;TLS-96;MS Excel 365;PRD-325;Verificatierapport;;;;
;;;;;;;;ACT-99;;Evalueren;TLS-95;MS Word 365;PRD-101;Evaluatieverslag;;;;
IPP-53;Kwaliteit / KMS (klantvraag);IPP-47;;PB-Afbakening (klantopgave);;;;ACT-172;;Verifiëren product(eisen);TLS-32;Relatics;PRD-323;Verificatieplan;;;PRS-11;Tom van der Meijs
;;;;;;;;;;;TLS-96;MS Excel 365;PRD-324;Verificatierapport;;;;
;;;;;;;;ACT-173;;Valideren afbakening / (eind)resultaat;TLS-32;Relatics;PRD-326;Validatiedocument;;;;
;;;;;;;;;;;TLS-96;MS Excel 365;;;;;;
IPP-16;Ontwerpen;IPP-3;3;Technisch Management;IPP-41;3.1.1;Verkenning;ACT-48;5;Opstellen ontwerp (SO, VO, DO, UO) / BIM;TLS-34;Autodesk applicaties - CAD Basis, Infra en Inventor;PRD-75;Ontwerp (SO, VO, DO, UO);PRD-104;BIM Uitvoeringsplan (BUP);PRS-4;Wouter Schreuder
;;;;;IPP-42;3.1.2;Planstudie;;;;;;;;PRD-131;BIM Uitvoeringsplan Light (BUP);;
;;;;;IPP-43;3.1.3;Voorlopig ontwerp/Integraal ontwerp;ACT-50;;Circulair ontwerpen;;;PRD-76;Circulair ontwerp?;;;;
;;;;;IPP-44;3.1.4;Definitief ontwerp/Technisch Ontwerp;ACT-53;;Opstellen grondstoffenplan;;;PRD-77;Grondstoffenplan;;;;
;;;;;IPP-45;3.1.5;Uitvoeringsontwerp;ACT-54;;Opstellen energieplan;;;PRD-78;Energieplan;;;;
;;;;;;;;ACT-103;1;Opzetten (BIM-)structuur ontwerpspoor;TLS-32;Relatics;PRD-102;Common data environment ontwerpfase;;;;
;;;;;;;;;;;TLS-34;Autodesk applicaties - CAD Basis, Infra en Inventor;PRD-103;Mappenstructuur NEN ISO 19650;;;;
;;;;;;;;;;;TLS-98;MS Teams;PRD-105;Uitgangspuntennotitite ontwerp;;;;
;;;;;;;;;;;;;PRD-106;Tekeningenlijst;;;;
;;;;;;;;;;;;;PRD-107;Beoordelingsworkslows ACC;;;;
;;;;;;;;ACT-104;2;Opstellen BIM Uitvoeringsplan (BUP);TLS-95;MS Word 365;PRD-104;BIM Uitvoeringsplan (BUP);PRD-102;Common data environment ontwerpfase;;
;;;;;;;;;;;TLS-96;MS Excel 365;PRD-131;BIM Uitvoeringsplan Light (BUP);;;;
;;;;;;;;ACT-105;3;Managen ontwerpbestanden;TLS-34;Autodesk applicaties - CAD Basis, Infra en Inventor;;;PRD-103;Mappenstructuur NEN ISO 19650;;
;;;;;;;;ACT-106;4;Managen correspondentie ontwerp;TLS-34;Autodesk applicaties - CAD Basis, Infra en Inventor;;;;;;
;;;;;;;;ACT-107;6;Beoordelen ontwerp;TLS-34;Autodesk applicaties - CAD Basis, Infra en Inventor;;;PRD-75;Ontwerp (SO, VO, DO, UO);;
;;;;;;;;ACT-125;;Opstellen ontwerpmanagementplan;;;;;;;;
IPP-12;Opstellen contractendocs;IPP-2;2;Contract Management;;;;ACT-34;2;Opstellen vraagspecificatie;TLS-95;MS Word 365;PRD-3;Vraagspecificatie;PRD-2;Inkoopplan;PRS-1;Ronald Braam
;;;;;;;;ACT-35;;Opstellen eisen emissievrij werken;;;PRD-7;Emissievrij werken eisen;;;PRS-7;Grietsje van der Heide-wijma
;;;;;;;;ACT-36;;Opstellen overeenkomsten;TLS-95;MS Word 365;PRD-6;Overeenkomst;;;;
;;;;;;;;ACT-37;1;Opstellen basisovereenkomst;TLS-95;MS Word 365;PRD-5;Basisovereenkomst;PRD-2;Inkoopplan;;
;;;;;;;;ACT-38;3;Opstellen annexen;TLS-95;MS Word 365;PRD-4;Annexen;PRD-2;Inkoopplan;;
;;;;;;;;ACT-109;0;Opstellen geïntegreerd contract (UAV-GC);TLS-32;Relatics;;;PRD-2;Inkoopplan;;
;;;;;;;;;;;TLS-95;MS Word 365;;;;;;
;;;;;;;;ACT-110;4;Opstellen RAW Contract;TLS-53;Ibis Cloud;PRD-113;RAW-bestek;PRD-2;Inkoopplan;;
;;;;;;;;ACT-112;5;Opstellen bouwteamovereenkomst bouwteam;TLS-95;MS Word 365;PRD-111;Bouweamovereenkomst;PRD-2;Inkoopplan;;
;;;;;;;;ACT-113;6;Opstellen (model) aannemingsoverenkomst bouwteam;TLS-95;MS Word 365;PRD-112;Aannemingsovereenkomst (bouwteam);PRD-111;Bouweamovereenkomst;;
IPP-27;Opstellen Planproducten;IPP-5;5;Plan Management;;;;ACT-75;;Opstellen MER;;;PRD-84;MER;;;PRS-10;N.t.b.
;;;;;;;;ACT-76;;Opstellen UPN;;;PRD-100;Uitgangspuntennotitie (UPN) @planfase@?;;;;
IPP-10;Organisatiemanagement;IPP-1;1;Besluit spoor Projectmanagement;;;;ACT-29;;Inrichten en aansturen team;TLS-95;MS Word 365;PRD-56;Aansturen team;;;PRS-2;Wim Kloezen
;;;;;;;;;;;TLS-96;MS Excel 365;;;;;;
;;;;;;;;ACT-30;;Managen besluiten;TLS-8;MS PowerBI Professional;PRD-60;Besluiten;;;;
;;;;;;;;;;;TLS-95;MS Word 365;;;;;;
;;;;;;;;;;;TLS-96;MS Excel 365;;;;;;
;;;;;;;;ACT-31;;Managen wijzigingen;TLS-8;MS PowerBI Professional;PRD-59;Wijzigingen;;;;
;;;;;;;;;;;TLS-95;MS Word 365;;;;;;
;;;;;;;;;;;TLS-96;MS Excel 365;;;;;;
;;;;;;;;ACT-32;;Managen voortgang;TLS-8;MS PowerBI Professional;PRD-58;Voortgangsrapportage;PRD-63;VTW-management;;
;;;;;;;;;;;TLS-95;MS Word 365;;;;;;
;;;;;;;;;;;TLS-96;MS Excel 365;;;;;;
;;;;;;;;ACT-33;;Signaleren inzet (capaciteit en expertise) team;TLS-95;MS Word 365;PRD-57;Signaleren inzet (capaciteit en expertise) team;PRD-42;Probabilistische planning;;
;;;;;;;;;;;TLS-96;MS Excel 365;;;PRD-43;Baseline beheer planning;;
;;;;;;;;;;;TLS-98;MS Teams;;;PRD-44;Capaciteitsplanning;;
;;;;;;;;;;;;;;;PRD-116;Planning;;
;;;;;;;;;;;;;;;PRD-119;Planningsnota;;
;;;;;;;;;;;;;;;PRD-130;Deelmanagementplan - Technisch management;;
IPP-25;Participatie- en stakeholdermanagement;IPP-4;4;Klant en Omgevingsmanagement;;;;ACT-70;1;1. Uitvoeren omgevingsanalyse;TLS-32;Relatics;PRD-33;Omgevingsmanagementplan;;;PRS-5;Paul Hoogerwerf
;;;;;;;;;;;TLS-101;Dialog;PRD-125;Stakeholderdossier;;;PRS-6;Lotte Diephuis
;;;;;;;;;;;TLS-123;Clearly;PRD-126;Issuedossier;;;PRS-12;Eline Bremer
;;;;;;;;ACT-71;3;3. Opstellen communicatieplan/strategie;TLS-101;Dialog;PRD-85;Communicatieplan/strategie;PRD-33;Omgevingsmanagementplan;;
;;;;;;;;;;;TLS-123;Clearly;;;PRD-125;Stakeholderdossier;;
;;;;;;;;;;;;;;;PRD-126;Issuedossier;;
;;;;;;;;ACT-72;2;2. Opstellen participatiestrategie;TLS-101;Dialog;PRD-36;Participatieplan;PRD-33;Omgevingsmanagementplan;;
;;;;;;;;;;;TLS-123;Clearly;;;PRD-125;Stakeholderdossier;;
;;;;;;;;;;;;;;;PRD-126;Issuedossier;;
;;;;;;;;ACT-74;4;4. Opstellen KES;TLS-32;Relatics;PRD-34;KES dossier;PRD-125;Stakeholderdossier;;
;;;;;;;;;;;TLS-96;MS Excel 365;;;;;;
IPP-47;PB-Afbakening (klantopgave);IPP-30;6;Projectbeheersing;IPP-33;6.3;Planning (klantopgave);ACT-89;;Managen besluiten over maatregelen v.v. OG (plankeuzes, planning);;;PRD-72;Besluiten over maatregelen v.v. OG (plankeuzes, planning);;;PRS-11;Tom van der Meijs
;;;;;IPP-50;;Scope & SE (klantvraag);ACT-166;;Opstellen beslisnotitie / trade-off-matrix;;;;;;;;
;;;;;IPP-51;;Financiën (klantvraag);;;;;;;;;;;
;;;;;IPP-52;;Risico's en kansen (klantvraag);;;;;;;;;;;
;;;;;IPP-53;;Kwaliteit / KMS (klantvraag);;;;;;;;;;;
;;;;;IPP-54;;Informatie (klantvraag);;;;;;;;;;;
IPP-46;PB-Sturing (eigen opdracht);IPP-30;6;Projectbeheersing;IPP-31;6.1;Planning (eigen opdracht);ACT-80;;Inrichten dashboard;TLS-8;MS PowerBI Professional;PRD-38;Dashboard;;;PRS-11;Tom van der Meijs
;;;;;IPP-32;6.2;Risico's en kansen (eigen opdracht);;;;TLS-32;Relatics;;;;;;
;;;;;IPP-34;6.4;Financiën (eigen opdracht);;;;TLS-96;MS Excel 365;;;;;;
;;;;;IPP-35;6.5;Kwaliteit / KMS (eigen opdracht);ACT-81;;Managen voortgang;;;;;;;;
;;;;;IPP-36;6.6;Scope & SE (eigen opdracht);ACT-82;;Managen project en kwaliteit;;;PRD-40;Projectmanagementplan / Kwaliteitsmanagementplan;;;;
;;;;;IPP-49;;Informatie (eigen opdracht);ACT-83;;Bepalen projectbeheersingsprofiel;;;PRD-37;Projectbeheersingsprofiel;;;;
;;;;;;;;ACT-90;;Managen GOKIT;;;PRD-74;Besluiten maatregel GOKIT (interne KPI's);;;;
;;;;;;;;ACT-91;;Managen KPI's;TLS-32;Relatics;PRD-73;Kritische prestatie-indicatoren (KPI's);;;;
;;;;;;;;;;;TLS-96;MS Excel 365;;;;;;
;;;;;;;;ACT-116;;Opstellen voortgangsrapportage (VGR);TLS-32;Relatics;PRD-39;Voortgangsrapportage;PRD-31;Risicodossier;;
;;;;;;;;;;;TLS-95;MS Word 365;;;PRD-41;Deterministische planning;;
;;;;;;;;;;;TLS-96;MS Excel 365;;;PRD-44;Capaciteitsplanning;;
;;;;;;;;;;;;;;;PRD-49;Verbeterregister;;
;;;;;;;;;;;;;;;PRD-51;Financiële rapportage;;
;;;;;;;;;;;;;;;PRD-59;Wijzigingen;;
;;;;;;;;;;;;;;;PRD-60;Besluiten;;
;;;;;;;;;;;;;;;PRD-63;VTW-management;;
;;;;;;;;;;;;;;;PRD-64;Interne financieel management;;
;;;;;;;;;;;;;;;PRD-73;Kritische prestatie-indicatoren (KPI's);;
;;;;;;;;ACT-162;;Opstellen projectmanagementplan (PMP);TLS-10;MS Visio 365;;;;;;
;;;;;;;;;;;TLS-32;Relatics;;;;;;
;;;;;;;;;;;TLS-95;MS Word 365;;;;;;
;;;;;;;;;;;TLS-96;MS Excel 365;;;;;;
IPP-5;Plan Management;IPP-6;0;Integraal Project- en Programmamanagement;IPP-26;5.1;Planprocedures inrichten;;;;;;;;;;PRS-10;N.t.b.
;;;;;IPP-27;5.2;Opstellen Planproducten;;;;;;;;;;;
;;;;;IPP-28;5.3;Juridische toetsing;;;;;;;;;;;
;;;;;IPP-29;5.4;Toetsing aan beleidskaders en W&R-geving;;;;;;;;;;;
IPP-31;Planning (eigen opdracht);IPP-46;;PB-Sturing (eigen opdracht);;;;ACT-84;;Opstellen planning;TLS-12;MS Project 365;PRD-116;Planning;PRD-54;Work Breakdown Structure;PRS-3;Marleen Aarts
;;;;;;;;;;;TLS-31;Oracle Primavera Cloud;;;PRD-55;Product Breakdown Structure;PRS-11;Tom van der Meijs
;;;;;;;;ACT-85;;Opstellen capaciteitsplanning;TLS-12;MS Project 365;PRD-44;Capaciteitsplanning;;;;
;;;;;;;;;;;TLS-31;Oracle Primavera Cloud;;;;;;
;;;;;;;;ACT-86;;Beheren baselines (planning);TLS-12;MS Project 365;PRD-43;Baseline beheer planning;;;;
;;;;;;;;;;;TLS-31;Oracle Primavera Cloud;;;;;;
IPP-33;Planning (klantopgave);IPP-47;;PB-Afbakening (klantopgave);;;;ACT-151;;Opstellen deterministische planning;TLS-12;MS Project 365;PRD-41;Deterministische planning;;;PRS-3;Marleen Aarts
;;;;;;;;;;;TLS-31;Oracle Primavera Cloud;;;;;PRS-11;Tom van der Meijs
;;;;;;;;ACT-152;;Opstellen probabilistische planning (PPI);TLS-12;MS Project 365;PRD-42;Probabilistische planning;;;;
;;;;;;;;;;;TLS-29;Primavera Risk Analysis;;;;;;
;;;;;;;;;;;TLS-31;Oracle Primavera Cloud;;;;;;
;;;;;;;;ACT-175;;Opstellen planningsnota;TLS-95;MS Word 365;PRD-119;Planningsnota;;;;
IPP-26;Planprocedures inrichten;IPP-5;5;Plan Management;;;;;;;;;;;;;PRS-10;N.t.b.
IPP-42;Planstudie;IPP-16;3.1;Ontwerpen;;;;ACT-138;;Variantenstudie;;;PRD-154;Trade-off varianten;;;PRS-4;Wouter Schreuder
;;;;;;;;;;;;;PRD-155;Varianten;;;;
;;;;;;;;ACT-140;;Schetsontwerp maken;;;PRD-161;Kostenschatting (≤20%);PRD-25;Rapportage archeologisch bureau-onderzoek;;
;;;;;;;;;;;;;PRD-164;Ontwerpverantwoording SO;PRD-90;Rapportage oriënterend onderzoek OOO;;
;;;;;;;;;;;;;PRD-168;LCC-analyse;PRD-92;Rapportage ecologisch bureau-onderzoek;;
;;;;;;;;;;;;;PRD-172;Inpassingsontwerp;PRD-127;Historisch Milieukundig Onderzoek cf BRL (HO);;
;;;;;;;;;;;;;PRD-173;Vormgevingsvisie;PRD-278;Integraal veiligheidsplan;;
;;;;;;;;;;;;;PRD-174;Overzichtstekeningen;PRD-279;Kwalitatieve bedoordeling EV;;
;;;;;;;;;;;;;PRD-175;Functioneel Integraal Systeemontwerp (FIS);PRD-280;K&L Derden inventarisatie;;
;;;;;;;;;;;;;PRD-176;Kenmerkende dwarsprofielen;PRD-281;K&L ProRail inventarisatie;;
;;;;;;;;;;;;;PRD-177;Grondverwervingstekeningen;PRD-282;Verkeersanalyse definitieve situatie;;
;;;;;;;;;;;;;PRD-178;Safety-case;PRD-283;Analyse trillingen gebruiksfase;;
;;;;;;;;;;;;;PRD-179;Omgevingsplan;PRD-284;Vastgoedanalyse;;
;;;;;;;;;;;;;PRD-195;Verificatierapport SO;PRD-285;Inventarisatie bestaande situatie;;
;;;;;;;;;;;;;PRD-199;Uitgangspuntennotitie SO;PRD-286;Geotechnisch onderzoek - Bureaustudie;;
;;;;;;;;;;;;;PRD-203;SO-berekening;;;;
;;;;;;;;;;;;;PRD-311;Strategienota betrouwbaarheid infraproject;;;;
;;;;;;;;ACT-145;;Systeemspecificatie maken;;;PRD-169;SRS;;;;
;;;;;;;;ACT-147;;Systeemboom maken;;;PRD-170;SBS;;;;
IPP-30;Projectbeheersing;IPP-6;0;Integraal Project- en Programmamanagement;IPP-46;;PB-Sturing (eigen opdracht);;;;;;;;;;PRS-3;Marleen Aarts
;;;;;IPP-47;;PB-Afbakening (klantopgave);;;;;;;;;;PRS-11;Tom van der Meijs
IPP-18;Raakvlakmanagement;IPP-3;3;Technisch Management;;;;ACT-55;;Managen technische raakvlakken;;;PRD-79;Technische raakvlakken;;;PRS-4;Wouter Schreuder
;;;;;;;;ACT-56;;Managen procesraakvlakken;;;PRD-80;Procesraakvlakken;;;;
;;;;;;;;ACT-57;;Bouwwerk Informatie Managen (BIM-en);;;PRD-81;Bouwwerk Informatie Model (BIM);;;;
;;;;;;;;ACT-132;;Raakvlakmanagementplan opstellen;;;PRD-132;Raakvlakmanagementplan;;;;
;;;;;;;;ACT-133;;Raakvlakken specificeren;;;PRD-133;Raakvlakinformatieblad;;;;
IPP-19;RAMSSHE-aspecten;IPP-3;3;Technisch Management;;;;ACT-126;;FMECA/FTA;;;;;;;PRS-4;Wouter Schreuder
;;;;;;;;ACT-127;;RAM-analyse;;;;;;;;
;;;;;;;;ACT-128;;Veiligheidsanalyse;;;;;;;;
;;;;;;;;ACT-129;;Onderhoudsanalyse;;;;;;;;
;;;;;;;;ACT-130;;Integrale veiligheid;;;;;;;;
;;;;;;;;ACT-131;;Duurzaamheid;;;;;;;;
IPP-48;Relatiebeheer;IPP-1;1;Besluit spoor Projectmanagement;;;;ACT-155;1;Managen klanttevredenheid;;;PRD-314;Scoretabel klanttevredenheid;;;PRS-2;Wim Kloezen
;;;;;;;;ACT-156;3;Evalueren met klant;TLS-95;MS Word 365;PRD-315;Rapport prestatiemeting;;;;
;;;;;;;;;;;TLS-96;MS Excel 365;;;;;;
;;;;;;;;ACT-157;2;Managen verwachtingen klant;;;;;;;;
IPP-32;Risico's en kansen (eigen opdracht);IPP-46;;PB-Sturing (eigen opdracht);;;;ACT-87;;Opstellen risicodossier;TLS-32;Relatics;PRD-319;Risicodossier;;;PRS-3;Marleen Aarts
;;;;;;;;;;;TLS-96;MS Excel 365;;;;;PRS-11;Tom van der Meijs
;;;;;;;;ACT-88;;Managen risico's;TLS-32;Relatics;PRD-31;Risicodossier;;;;
;;;;;;;;;;;TLS-96;MS Excel 365;PRD-32;Risicoregister (intern en extern);;;;
;;;;;;;;ACT-164;;Opstellen kansendossier;TLS-32;Relatics;PRD-320;Kansendossier;;;;
;;;;;;;;;;;TLS-96;MS Excel 365;;;;;;
IPP-52;Risico's en kansen (klantvraag);IPP-47;;PB-Afbakening (klantopgave);;;;ACT-170;;Opstellen risicodossier;TLS-32;Relatics;PRD-321;Risicodossier;;;PRS-11;Tom van der Meijs
;;;;;;;;;;;TLS-96;MS Excel 365;;;;;;
;;;;;;;;ACT-171;;Opstellen kansendossier;TLS-32;Relatics;PRD-322;Kansendossier;;;;
;;;;;;;;;;;TLS-96;MS Excel 365;;;;;;
IPP-36;Scope & SE (eigen opdracht);IPP-46;;PB-Sturing (eigen opdracht);;;;ACT-77;;Opstellen Work Breakdown Structure;TLS-10;MS Visio 365;PRD-54;Work Breakdown Structure;;;PRS-3;Marleen Aarts
;;;;;;;;;;;TLS-32;Relatics;;;;;PRS-11;Tom van der Meijs
;;;;;;;;;;;TLS-96;MS Excel 365;;;;;;
;;;;;;;;ACT-78;;Opstellen Product Breakdown Structure;TLS-10;MS Visio 365;PRD-55;Product Breakdown Structure;;;;
;;;;;;;;;;;TLS-32;Relatics;;;;;;
;;;;;;;;;;;TLS-96;MS Excel 365;;;;;;
;;;;;;;;ACT-79;;Uitvoeren/begeleiden Systems Engineering;TLS-32;Relatics;PRD-52;Systems engineering;;;;
IPP-50;Scope & SE (klantvraag);IPP-47;;PB-Afbakening (klantopgave);;;;ACT-14;;Opstellen System Breakdown Structure;TLS-10;MS Visio 365;PRD-53;System Breakdown Structure;;;PRS-11;Tom van der Meijs
;;;;;;;;;;;TLS-32;Relatics;;;;;;
;;;;;;;;;;;TLS-96;MS Excel 365;;;;;;
;;;;;;;;ACT-167;;Opstellen beschrijving systeem/context;TLS-95;MS Word 365;PRD-332;Systeembeschrijving;;;;
;;;;;;;;;;;TLS-96;MS Excel 365;;;;;;
;;;;;;;;ACT-168;;Uitvoeren/begeleiden Systems Engineering;TLS-32;Relatics;;;;;;
IPP-13;Scopemanagement (CM);IPP-2;2;Contract Management;;;;ACT-13;;Opstellen V&V-plan;TLS-32;Relatics;PRD-10;V&V-plan;;;PRS-1;Ronald Braam
;;;;;;;;;;;TLS-95;MS Word 365;;;;;PRS-7;Grietsje van der Heide-wijma
;;;;;;;;ACT-40;;Bewaken interne en externe scope;;;PRD-8;Interne en externe scopebewaking;;;;
;;;;;;;;ACT-41;;Managen V&V;TLS-32;Relatics;PRD-12;V&V-dossier;;;;
;;;;;;;;ACT-42;;Uitvoeren V&V;TLS-32;Relatics;PRD-11;V&V-rapport;;;;
;;;;;;;;ACT-102;;Sturen op rolvastheid;;;PRD-9;Stuur op rolvastheid;;;;
IPP-3;Technisch Management;IPP-6;0;Integraal Project- en Programmamanagement;IPP-16;3.1;Ontwerpen;ACT-136;;Opstellen deelmanagementplan Technisch Management;;;PRD-130;Deelmanagementplan - Technisch management;;;PRS-4;Wouter Schreuder
;;;;;IPP-17;3.2;Verifiëren & Valideren;;;;;;;;;;;
;;;;;IPP-18;3.3;Raakvlakmanagement;;;;;;;;;;;
;;;;;IPP-19;3.4;RAMSSHE-aspecten;;;;;;;;;;;
;;;;;IPP-20;3.5;Technische Onderzoeken;;;;;;;;;;;
IPP-20;Technische Onderzoeken;IPP-3;3;Technisch Management;IPP-37;3.5.1;Geohydrologie;ACT-58;;Inventariseren kabels- en leidingengegevens;;;PRD-82;Kadaster KLIC-gegevens;;;PRS-4;Wouter Schreuder
;;;;;IPP-38;3.5.2;Geotechniek;ACT-59;;Uitvoeren civieltechnisch grondonderzoek;;;PRD-83;Grondmechanisch? onderzoek;;;;
;;;;;IPP-39;3.5.3;Geodesie;ACT-60;;Proefsleuven kabels- en leidingen;;;PRD-97;Rapportage onderzoek proefsleuven kabels en leidingen;;;;
;;;;;IPP-40;3.5.4;(Nul)-inspectie;;;;;;;;;;;
IPP-29;Toetsing aan beleidskaders en W&R-geving;IPP-5;5;Plan Management;;;;;;;;;;;;;PRS-10;N.t.b.
IPP-45;Uitvoeringsontwerp;IPP-16;3.1;Ontwerpen;;;;ACT-143;;Uitvoeringsontwerp maken;;;PRD-198;Verificatierapport UO;;;PRS-4;Wouter Schreuder
;;;;;;;;;;;;;PRD-202;Uitgangspuntennotitie UO;;;;
;;;;;;;;;;;;;PRD-206;UO-berekening;;;;
;;;;;;;;;;;;;PRD-246;UO - berekening - wapening;;;;
;;;;;;;;;;;;;PRD-247;UO - berekening - lassen (niet vermoeiingsgevoelig);;;;
;;;;;;;;;;;;;PRD-248;Vorm- en wapeningstekeningen;;;;
;;;;;;;;;;;;;PRD-249;Detailtekeningen staal;;;;
;;;;;;;;;;;;;PRD-250;Overige UO documenten;;;;
;;;;;;;;;;;;;PRD-251;Plan waarin een gevolg wordt gegeven aan de uitgangspunten ten aanzien van onderhoud in de ontwerpfase;;;;
;;;;;;;;;;;;;PRD-252;Plan Veilige Transfer;;;;
;;;;;;;;;;;;;PRD-253;Plan Veilige Berijdbaarheid;;;;
;;;;;;;;;;;;;PRD-254;Legplan;;;;
;;;;;;;;;;;;;PRD-255;V&G-plan uitvoeringsfase;;;;
;;;;;;;;;;;;;PRD-256;Keuringsplan;;;;
;;;;;;;;;;;;;PRD-257;Werkplan;;;;
;;;;;;;;;;;;;PRD-258;Maatvoeringswerkplan;;;;
;;;;;;;;;;;;;PRD-259;Plan vrijkomende materialen;;;;
;;;;;;;;;;;;;PRD-260;Draaiboek BDS;;;;
;;;;;;;;;;;;;PRD-261;Detail keuringsplan indienststelling in TVP;;;;
;;;;;;;;;;;;;PRD-262;Calamiteitenplan;;;;
;;;;;;;;;;;;;PRD-263;Licht- en Schiftplots;;;;
;;;;;;;;;;;;;PRD-264;Verleggingstekeningen K&L;;;;
;;;;;;;;;;;;;PRD-265;Hulpconstructies;;;;
;;;;;;;;;;;;;PRD-266;Installatietekeningen;;;;
;;;;;;;;;;;;;PRD-267;Monitoringsplan;;;;
;;;;;;;;;;;;;PRD-268;Dwarsprofielen (UO);;;;
;;;;;;;;;;;;;PRD-269;Lengteprofielen (UO);;;;
;;;;;;;;;;;;;PRD-270;Situatietekeningen (UO);;;;
;;;;;;;;;;;;;PRD-271;Principedetails (UO);;;;
;;;;;;;;;;;;;PRD-272;Markerings- en bebordingstekeningen;;;;
;;;;;;;;;;;;;PRD-273;Opbreektekeningen -nadenplan;;;;
;;;;;;;;;;;;;PRD-274;Beplantingsplan (UO);;;;
;;;;;;;;;;;;;PRD-275;K&L-tekeningen (verleggingsplan);;;;
;;;;;;;;;;;;;PRD-276;Definitief maakbaarheidsplan;;;;
;;;;;;;;;;;;;PRD-277;Hoeveelheden UO;;;;
IPP-22;Vergunningmanagement;IPP-4;4;Klant en Omgevingsmanagement;;;;ACT-65;1;Inventariseren vergunningen, ontheffingen en toestemmingen;TLS-32;Relatics;PRD-27;Vergunningenscan;;;PRS-5;Paul Hoogerwerf
;;;;;;;;ACT-117;3;Opstellen, bijhouden en opleveren vergunningen dossier;TLS-32;Relatics;PRD-28;Vergunningenregister;;;PRS-6;Lotte Diephuis
;;;;;;;;ACT-118;2;Opstellen en uitvoeren vergunningen strategie;;;;;;;PRS-12;Eline Bremer
;;;;;;;;ACT-119;4;Koppelen vergunning voorwaarden aan vergunning eisen;TLS-32;Relatics;;;;;;
IPP-17;Verifiëren & Valideren;IPP-3;3;Technisch Management;;;;ACT-114;1;Opstellen verificatieplan;TLS-32;Relatics;PRD-114;Verificatieplan;;;PRS-4;Wouter Schreuder
;;;;;;;;ACT-115;2;Uitvoeren verificaties;TLS-32;Relatics;PRD-115;Verificatierapport;;;;
;;;;;;;;ACT-134;;Opstellen keuringsplan;;;PRD-134;Keuringsplan;;;;
;;;;;;;;ACT-135;;Opstellen testplan;;;PRD-135;Testplan;;;;
IPP-24;Verkeersmanagement;IPP-4;4;Klant en Omgevingsmanagement;;;;ACT-120;;2. Opstellen verkeersmanagementplan;TLS-25;Streetsmart (Cyclomedia);PRD-122;Verkeersmanagementplan;PRD-42;Probabilistische planning;PRS-5;Paul Hoogerwerf
;;;;;;;;;;;TLS-118;Inweva;;;PRD-75;Ontwerp (SO, VO, DO, UO);PRS-6;Lotte Diephuis
;;;;;;;;;;;TLS-119;NDW Dexter Verkeerstelcijfers (via derden);;;PRD-120;Uitvoeringsmethodiek;PRS-12;Eline Bremer
;;;;;;;;;;;TLS-120;Diego regelscenario's (via RWS);;;;;;
;;;;;;;;;;;TLS-121;TomTom live verkeersdata (via derden);;;;;;
;;;;;;;;ACT-121;;1. Opstellen BLVC plan;;;PRD-124;BLVC plan;PRD-33;Omgevingsmanagementplan;;
;;;;;;;;;;;;;;;PRD-42;Probabilistische planning;;
;;;;;;;;;;;;;;;PRD-75;Ontwerp (SO, VO, DO, UO);;
;;;;;;;;;;;;;;;PRD-120;Uitvoeringsmethodiek;;
;;;;;;;;ACT-122;;3. Opstellen verkeersmaatregelenplan;TLS-25;Streetsmart (Cyclomedia);PRD-123;Verkeersmaatregelenplan;PRD-75;Ontwerp (SO, VO, DO, UO);;
;;;;;;;;;;;TLS-118;Inweva;;;PRD-122;Verkeersmanagementplan;;
;;;;;;;;;;;TLS-119;NDW Dexter Verkeerstelcijfers (via derden);;;;;;
;;;;;;;;;;;TLS-120;Diego regelscenario's (via RWS);;;;;;
;;;;;;;;;;;TLS-121;TomTom live verkeersdata (via derden);;;;;;
IPP-41;Verkenning;IPP-16;3.1;Ontwerpen;;;;ACT-137;;Alternatievenstudie;;;PRD-149;Kostenindicatie (≤40%) alternatieven;;;PRS-4;Wouter Schreuder
;;;;;;;;;;;;;PRD-150;Trade-off matrix alternatieven;;;;
;;;;;;;;;;;;;PRD-153;Alternatieven;;;;
;;;;;;;;ACT-139;;Functioneel ontwerp maken;;;PRD-142;Landschapsplan;;;;
;;;;;;;;;;;;;PRD-143;Rijstrokenschema;;;;
;;;;;;;;;;;;;PRD-144;Viltstiftschetsen;;;;
;;;;;;;;;;;;;PRD-145;Ontwerpverantwoording FO;;;;
;;;;;;;;;;;;;PRD-146;Principe dwarsprofielen;;;;
;;;;;;;;;;;;;PRD-147;Knelpuntenanalyse functionele raakvlakken;;;;
;;;;;;;;;;;;;PRD-148;Ruimtelijke inpassing;;;;
;;;;;;;;;;;;;PRD-159;Kostenschatting (≤25%);;;;
;;;;;;;;;;;;;PRD-167;RAMS-analyse;;;;
;;;;;;;;ACT-144;;Klanteisenspecificatie maken;;;PRD-152;KES/CRS;;;;
;;;;;;;;ACT-146;;Functieboom maken;;;PRD-151;FBS;;;;
;;;;;;;;ACT-150;;Operationele beschrijving maken;;;PRD-141;Operational Concept Description (OCD);;;;
IPP-43;Voorlopig ontwerp/Integraal ontwerp;IPP-16;3.1;Ontwerpen;;;;ACT-141;;Voorlopig ontwerp/Integraal ontwerp maken;;;PRD-162;Kostenraming (≤15%);PRD-24;Rapportage verkennend milieuhygiënisch (water)bodemonderzoek;PRS-4;Wouter Schreuder
;;;;;;;;;;;;;PRD-165;Ontwerpverantwoording VO;PRD-27;Vergunningenscan;;
;;;;;;;;;;;;;PRD-181;Voorontwerptekening - 3D model;PRD-89;Rapportage archeologisch inventariserend veldonderzoek;;
;;;;;;;;;;;;;PRD-182;Voorontwerptekening - kaderbladen;PRD-91;Rapportage nader onderzoek OOO;;
;;;;;;;;;;;;;PRD-183;Voorontwerptekening - basissituatie;PRD-93;Rapportage ecologisch veldonderzoek;;
;;;;;;;;;;;;;PRD-184;Faseringsplan uitvoering;PRD-97;Rapportage onderzoek proefsleuven kabels en leidingen;;
;;;;;;;;;;;;;PRD-185;V&G-plan ontwerpfase (VO);PRD-99;Dossier grondverwerving;;
;;;;;;;;;;;;;PRD-186;V&G-dossier (VO);PRD-140;Risico-analyse;;
;;;;;;;;;;;;;PRD-187;Verleggingsplan K&L;PRD-157;IVO-O: Verkennend booronderzoek;;
;;;;;;;;;;;;;PRD-188;TVP-plan;PRD-158;IVO-O: karterend booronderzoek;;
;;;;;;;;;;;;;PRD-189;Logistiek plan;PRD-160;IVO-proefsleuf;;
;;;;;;;;;;;;;PRD-190;Railverkeerstechnisch ontwerp (RVTO);PRD-287;Ballastonderzoek;;
;;;;;;;;;;;;;PRD-191;Hoofdgeometrie;PRD-288;Verhardingsonderzoek;;
;;;;;;;;;;;;;PRD-192;Principe oplossing;PRD-289;Asbestonderzoek gebouwen en objecten;;
;;;;;;;;;;;;;PRD-193;Raakvlakkentekening;PRD-290;Akoestisch onderzoek;;
;;;;;;;;;;;;;PRD-194;Hoeveelheden VO;PRD-291;Boominventarisatie;;
;;;;;;;;;;;;;PRD-196;Verificatierapport VO;PRD-292;Stikstofberekening;;
;;;;;;;;;;;;;PRD-200;Uitgangspuntennotitie VO;PRD-293;Kwalitatieve beoordeling luchtkwaliteit gebruikssituatie;;
;;;;;;;;;;;;;PRD-204;VO-berekening;PRD-294;Geohydrologisch onderzoek Kunstwerken – Analyse en metingen;;
;;;;;;;;;;;;;PRD-312;RAM-eisen per functie;PRD-295;Uitvoeren watertoets/opstellen waterhuishoudkundig plan;;
;;;;;;;;;;;;;;;PRD-296;Adviesnota bescherming archeologische waarden tijdens uitvoering;;
;;;;;;;;;;;;;;;PRD-297;Verkeersanalyse tijdelijke situatie;;
;;;;;;;;;;;;;;;PRD-298;Analyse trillingen bouwfase;;
;;;;;;;;;;;;;;;PRD-299;Passende beoordeling;;
;;;;;;;;;;;;;;;PRD-300;Bestemmingsplanwijziging;;
;;;;;;;;;;;;;;;PRD-301;Landmeetkundig onderzoek;;
;;;;;;;;;;;;;;;PRD-302;3D laserscannen;;
;;;;;;;;;;;;;;;PRD-303;Obstakelonderzoek;;
;;;;;;;;;;;;;;;PRD-304;Bouwkundige 0-opname;;
;;;;;;;;;;;;;;;PRD-305;Sonderingen en Boringen;;
;;;;;;;;ACT-149;;Objectenboom maken;;;PRD-180;OBS;;;;
